<?xml version="1.0" encoding="UTF-8"?>
<!DOCTYPE hibernate-mapping PUBLIC  
 "-//Hibernate/Hibernate Mapping DTD 3.0//EN"  
 "http://hibernate.sourceforge.net/hibernate-mapping-3.0.dtd">  
  
 <hibernate-mapping>  
  <class name="com.nttdata.Category" table="category">  
    <id name="categoryid"></id>  
    <property name="name"></property> 
    <set name="pro" table="product" cascade="all">
    <key column="cid"></key>
    <one-to-many class="com.nttdata.Product"></one-to-many>
    </set>
    </class>
<class name="com.nttdata.Product" table="product">
<id name="pid">
</id>
<property name="pname"></property>
<property name="quant"></property>

</class>  
 </hibernate-mapping>  