<?xml version="1.0" encoding="UTF-8"?>
<!DOCTYPE hibernate-mapping PUBLIC  
 "-//Hibernate/Hibernate Mapping DTD 3.0//EN"  
 "http://hibernate.sourceforge.net/hibernate-mapping-3.0.dtd">  
  
 <hibernate-mapping>  
  <class name="com.nttdata.Student">  
    <id name="studentId">  
     </id>  
            
    <property name="studentName" ></property>  
   <property name="quali" ></property> 
    <property name="per" ></property> 
    <property name="Address" ></property> 
</class>  
            
 </hibernate-mapping> 